Year,Observation status,Unit multiplier,SERIES,Reference area,UNIT_MEASURE,GeoCode,Value
2016,Normal value,Units,Cash transfer coverage of extreme poor households under Livelihood Empowerment Against Poverty (LEAP) programme,,Number,,212919.0
2020,Normal value,Units,Cash transfer coverage of extreme poor households under Livelihood Empowerment Against Poverty (LEAP) programme,,Number,,334013.0
2016,Normal value,Units,Proportion of basic school students under Ghana School Feeding Programme (GSFP),,Percent,,37.4
2020,Normal value,Units,Proportion of basic school students under Ghana School Feeding Programme (GSFP),,Percent,,73.2
2016,Normal value,Units,Total Beneficiaries of Free Senior High School Programme (FSHSP),,Number,,361771.0
2020,Normal value,Units,Total Beneficiaries of Free Senior High School Programme (FSHSP),,Number,,1248432.0
2016,Normal value,Units,Proportion with access to affordable healthcare under National Health Insurance Scheme (NHIS),,Percent,,38.4
2020,Normal value,Units,Proportion with access to affordable healthcare under National Health Insurance Scheme (NHIS),,Percent,,52.6
