Year,Observation status,Unit multiplier,SERIES,Reference area,UNIT_MEASURE,GeoCode,Value
2017,Normal value,Units,Research and development expenditure as a proportion of GDP [9.5.1],,Percent,,0.05
2018,Normal value,Units,Research and development expenditure as a proportion of GDP [9.5.1],,Percent,,0.08
2019,Normal value,Units,Research and development expenditure as a proportion of GDP [9.5.1],,Percent,,0.08
2020,Normal value,Units,Research and development expenditure as a proportion of GDP [9.5.1],,Percent,,0.15
2021,Normal value,Units,Research and development expenditure as a proportion of GDP [9.5.1],,Percent,,0.12
