Year,OBS_STATUS,UNIT_MULT,SERIES,REF_AREA,COMPOSITE_BREAKDOWN,UNIT_MEASURE,GeoCode,Value
2016,A,0,DC_ODA_POVG,,,PT,,1.0
2017,A,0,DC_ODA_POVG,,,PT,,1.1
2018,A,0,DC_ODA_POVG,,,PT,,0.51
2019,A,0,DC_ODA_POVG,,,PT,,0.7
2020,A,0,DC_ODA_POVG,,,PT,,0.71
2019,A,0,_L_GH_010a01_03,,_L_GH_GOG,_L_GH_CEDI,,79.59
2019,A,0,_L_GH_010a01_03,,_L_GH_IGF,_L_GH_CEDI,,0.02
2019,A,0,_L_GH_010a01_03,,_L_GH_OTHER_FUNDS,_L_GH_CEDI,,65.4
2019,A,0,_L_GH_010a01_03,,_L_GH_STATUTORY,_L_GH_CEDI,,0.51
2019,A,0,_L_GH_010a01_03,,_L_GH_DP,_L_GH_CEDI,,0.0
2019,A,0,_L_GH_010a01_03,,,_L_GH_CEDI,,145.52
2019,A,0,_L_GH_010a01_04,,_L_GH_GOG,_L_GH_CEDI,,0.16
2019,A,0,_L_GH_010a01_04,,_L_GH_IGF,_L_GH_CEDI,,0.05
2019,A,0,_L_GH_010a01_04,,_L_GH_OTHER_FUNDS,_L_GH_CEDI,,0.0
2019,A,0,_L_GH_010a01_04,,_L_GH_STATUTORY,_L_GH_CEDI,,1.53
2019,A,0,_L_GH_010a01_04,,_L_GH_DP,_L_GH_CEDI,,0.0
2019,A,0,_L_GH_010a01_04,,,_L_GH_CEDI,,1.75
2019,A,0,_L_GH_010a01_05,,_L_GH_GOG,_L_GH_CEDI,,170.08
2019,A,0,_L_GH_010a01_05,,_L_GH_IGF,_L_GH_CEDI,,1.26
2019,A,0,_L_GH_010a01_05,,_L_GH_OTHER_FUNDS,_L_GH_CEDI,,0.53
2019,A,0,_L_GH_010a01_05,,_L_GH_STATUTORY,_L_GH_CEDI,,20.7
2019,A,0,_L_GH_010a01_05,,_L_GH_DP,_L_GH_CEDI,,1.64
2019,A,0,_L_GH_010a01_05,,,_L_GH_CEDI,,194.21
2019,A,0,_L_GH_010a01_06,,_L_GH_GOG,_L_GH_CEDI,,0.12
2019,A,0,_L_GH_010a01_06,,_L_GH_IGF,_L_GH_CEDI,,0.03
2019,A,0,_L_GH_010a01_06,,_L_GH_OTHER_FUNDS,_L_GH_CEDI,,0.0
2019,A,0,_L_GH_010a01_06,,_L_GH_STATUTORY,_L_GH_CEDI,,1.75
2019,A,0,_L_GH_010a01_06,,_L_GH_DP,_L_GH_CEDI,,0.0
2019,A,0,_L_GH_010a01_06,,,_L_GH_CEDI,,1.89
2019,A,0,_L_GH_010a01_07,,_L_GH_GOG,_L_GH_CEDI,,12.38
2019,A,0,_L_GH_010a01_07,,_L_GH_IGF,_L_GH_CEDI,,0.77
2019,A,0,_L_GH_010a01_07,,_L_GH_OTHER_FUNDS,_L_GH_CEDI,,0.78
2019,A,0,_L_GH_010a01_07,,_L_GH_STATUTORY,_L_GH_CEDI,,7.58
2019,A,0,_L_GH_010a01_07,,_L_GH_DP,_L_GH_CEDI,,4.85
2019,A,0,_L_GH_010a01_07,,,_L_GH_CEDI,,26.35
2019,A,0,_L_GH_010a01_08,,_L_GH_GOG,_L_GH_CEDI,,0.11
2019,A,0,_L_GH_010a01_08,,_L_GH_IGF,_L_GH_CEDI,,0.11
2019,A,0,_L_GH_010a01_08,,_L_GH_OTHER_FUNDS,_L_GH_CEDI,,0.0
2019,A,0,_L_GH_010a01_08,,_L_GH_STATUTORY,_L_GH_CEDI,,0.87
2019,A,0,_L_GH_010a01_08,,_L_GH_DP,_L_GH_CEDI,,0.05
2019,A,0,_L_GH_010a01_08,,,_L_GH_CEDI,,1.14
2019,A,0,_L_GH_010a01_09,,_L_GH_GOG,_L_GH_CEDI,,11.49
2019,A,0,_L_GH_010a01_09,,_L_GH_IGF,_L_GH_CEDI,,0.07
2019,A,0,_L_GH_010a01_09,,_L_GH_OTHER_FUNDS,_L_GH_CEDI,,0.04
2019,A,0,_L_GH_010a01_09,,_L_GH_STATUTORY,_L_GH_CEDI,,1.15
2019,A,0,_L_GH_010a01_09,,_L_GH_DP,_L_GH_CEDI,,0.0
2019,A,0,_L_GH_010a01_09,,,_L_GH_CEDI,,12.75
2019,A,0,_L_GH_010a01_01,,_L_GH_GOG,_L_GH_CEDI,,273.92
2019,A,0,_L_GH_010a01_01,,_L_GH_IGF,_L_GH_CEDI,,2.3
2019,A,0,_L_GH_010a01_01,,_L_GH_OTHER_FUNDS,_L_GH_CEDI,,66.75
2019,A,0,_L_GH_010a01_01,,_L_GH_STATUTORY,_L_GH_CEDI,,34.1
2019,A,0,_L_GH_010a01_01,,_L_GH_DP,_L_GH_CEDI,,6.54
2019,A,0,_L_GH_010a01_01,,,_L_GH_CEDI,,383.61
2019,A,0,_L_GH_010a01_02,,_L_GH_GOG,PT,,71.4
2019,A,0,_L_GH_010a01_02,,_L_GH_IGF,PT,,0.6
2019,A,0,_L_GH_010a01_02,,_L_GH_OTHER_FUNDS,PT,,17.4
2019,A,0,_L_GH_010a01_02,,_L_GH_STATUTORY,PT,,8.9
2019,A,0,_L_GH_010a01_02,,_L_GH_DP,PT,,1.7
2019,A,0,_L_GH_010a01_02,,,PT,,100.0
