Year,SDG Series,Sex,Degree of urbanisation,Value
2013,Percentage of children engaged in child labour,Male,,22.7
2013,Percentage of children engaged in child labour,Female,,20.8
2013,Percentage of children engaged in child labour,,Urban,12.4
2013,Percentage of children engaged in child labour,,Rural,30.2
2013,Percentage of children engaged in child labour,,,21.8
2013,Percentage of children engaged in hazardous forms of child labour,Male,,15.4
2013,Percentage of children engaged in hazardous forms of child labour,Female,,12.9
2013,Percentage of children engaged in hazardous forms of child labour,,Urban,7.7
2013,Percentage of children engaged in hazardous forms of child labour,,Rural,20.0
2013,Percentage of children engaged in hazardous forms of child labour,,,14.2
